runs,average,player name,season
616,56,SE Marsh,1
572,47.66666667,ML Hayden,2
617,41.13333333,SR Tendulkar,3
604,50.33333333,CH Gayle,4
733,52.35714286,CH Gayle,5
733,43.11764706,MEK Hussey,6
660,41.25,RV Uthappa,7
562,40.14285714,DA Warner,8
969,60.5625,V Kohli,9
