season,player name,runs,average
1,SE Marsh,616,56
2,ML Hayden,572,47.66666667
3,SR Tendulkar,617,41.13333333
4,CH Gayle,604,50.33333333
5,CH Gayle,733,52.35714286
6,MEK Hussey,733,43.11764706
7,RV Uthappa,660,41.25
8,DA Warner,562,40.14285714
9,V Kohli,969,60.5625
